{"S2_01": 24.00000000000317, "S2_02": 24.400000000003175, "S2_03": 24.00000000000317, "S2_04": 24.00000000000317, "S2_05": 24.00000000000317, "S2_06": 24.80000000000318, "S2_07": 24.400000000003175, "S2_08": 24.80000000000318, "S2_09": 23.600000000003163, "S2_10": 24.00000000000317, "S2_11": 23.600000000003163, "S2_12": 22.400000000003146, "S2_13": 23.200000000003158, "S2_14": 23.200000000003158, "S2_15": 22.00000000000314, "S2_16": 128.80000000000462, "S2_17": 132.80000000000473, "S2_18": 132.00000000000466, "S2_19": 132.4000000000047, "S2_20": 132.00000000000466, "S2_21": 133.2000000000047, "S2_22": 131.2000000000047, "S2_23": 130.80000000000467, "S2_24": 130.40000000000464, "S2_25": 129.60000000000468, "S2_26": 131.2000000000047, "S2_27": 129.60000000000468, "S2_28": 129.60000000000468, "S2_29": 131.2000000000047, "S2_30": 130.00000000000466, "S2_31": 123.60000000000458, "S2_32": 122.80000000000457, "S1_01": -1.34714, "S1_02": -1.30576, "S1_03": -0.800584, "S1_04": -0.760662}